Timestamp,Reference_id,Action,Ingredient,Amount,Unit,Order_id
2025-10-12T08:05:00.000000Z,#014696,Deduct,espresso,18,(g),va5AvOcT8iWjMLs8P3cHLXjAhmSZY
2025-10-12T08:05:00.000000Z,#014696,Deduct,6oz cup,1,cup,va5AvOcT8iWjMLs8P3cHLXjAhmSZY
2025-10-12T08:05:00.000000Z,#014696,Deduct,whole milk,2,(oz),va5AvOcT8iWjMLs8P3cHLXjAhmSZY
2025-10-12T08:09:00.000000Z,#014697,Deduct,espresso,54,(g),lpZRmW4PzsCcl1w0DtRPPoJ9v5RZY
2025-10-12T08:09:00.000000Z,#014697,Deduct,12oz cup,1,cup,lpZRmW4PzsCcl1w0DtRPPoJ9v5RZY
2025-10-12T08:09:00.000000Z,#014697,Deduct,4oz cup,1,cup,lpZRmW4PzsCcl1w0DtRPPoJ9v5RZY
2025-10-12T08:20:00.000000Z,#014698,Deduct,espresso,27,(g),jKwCrpJe5XL7NrNALX4kSduNx7HZY
2025-10-12T08:20:00.000000Z,#014698,Deduct,16oz cup,2,cup,jKwCrpJe5XL7NrNALX4kSduNx7HZY
2025-10-12T08:20:00.000000Z,#014698,Deduct,whole milk,6,(oz),jKwCrpJe5XL7NrNALX4kSduNx7HZY
2025-10-12T08:27:00.000000Z,#014699,Deduct,espresso,9,(g),d1j4l84NOWoPEb58101dpkH8kw9YY
2025-10-12T08:27:00.000000Z,#014699,Deduct,16oz cup,1,cup,d1j4l84NOWoPEb58101dpkH8kw9YY
2025-10-12T08:27:00.000000Z,#014699,Deduct,whole milk,2,(oz),d1j4l84NOWoPEb58101dpkH8kw9YY
2025-10-12T08:28:00.000000Z,#014700,Deduct,espresso,36,(g),hdQVbD8wJrkyyd7KtlxY6KOI66JZY
2025-10-12T08:28:00.000000Z,#014700,Deduct,4oz cup,1,cup,hdQVbD8wJrkyyd7KtlxY6KOI66JZY
2025-10-12T08:28:00.000000Z,#014700,Deduct,almond milk,2,(oz),hdQVbD8wJrkyyd7KtlxY6KOI66JZY
2025-10-12T08:28:00.000000Z,#014700,Deduct,16oz cup,1,cup,hdQVbD8wJrkyyd7KtlxY6KOI66JZY
2025-10-12T08:28:00.000000Z,#014700,Deduct,whole milk,4,(oz),hdQVbD8wJrkyyd7KtlxY6KOI66JZY
2025-10-12T08:34:00.000000Z,#014701,Deduct,espresso,18,(g),VZXEfqk8KAeo6lNimwaShpygjzUZY
2025-10-12T08:34:00.000000Z,#014701,Deduct,16oz cup,1,cup,VZXEfqk8KAeo6lNimwaShpygjzUZY
2025-10-12T08:34:00.000000Z,#014701,Deduct,whole milk,4,(oz),VZXEfqk8KAeo6lNimwaShpygjzUZY
2025-10-12T08:34:00.000000Z,#014702,Deduct,espresso,18,(g),BDp0rPCQJaoEkvkkc56QVCDlgACZY
2025-10-12T08:34:00.000000Z,#014702,Deduct,16oz cup,1,cup,BDp0rPCQJaoEkvkkc56QVCDlgACZY
2025-10-12T08:34:00.000000Z,#014702,Deduct,whole milk,4,(oz),BDp0rPCQJaoEkvkkc56QVCDlgACZY
2025-10-12T08:34:00.000000Z,#014702,Deduct,caramel syrup,3,pump,BDp0rPCQJaoEkvkkc56QVCDlgACZY
2025-10-12T08:40:00.000000Z,#014703,Deduct,espresso,18,(g),Bv1rrajcidrGM7f1COdUv2VAbVdZY
2025-10-12T08:40:00.000000Z,#014703,Deduct,16oz cup,1,cup,Bv1rrajcidrGM7f1COdUv2VAbVdZY
2025-10-12T08:40:00.000000Z,#014703,Deduct,soy milk,2,(oz),Bv1rrajcidrGM7f1COdUv2VAbVdZY
2025-10-12T08:41:00.000000Z,#014704,Deduct,espresso,27,(g),dP8ufZerLmu6TH9hyiSvRrRuq8SZY
2025-10-12T08:41:00.000000Z,#014704,Deduct,16oz cup,2,cup,dP8ufZerLmu6TH9hyiSvRrRuq8SZY
2025-10-12T08:41:00.000000Z,#014704,Deduct,whole milk,6,(oz),dP8ufZerLmu6TH9hyiSvRrRuq8SZY
2025-10-12T08:41:00.000000Z,#014704,Deduct,chocolate syrup,3,pump,dP8ufZerLmu6TH9hyiSvRrRuq8SZY
2025-10-12T08:48:00.000000Z,#014705,Deduct,espresso,27,(g),1fw1iVbaC8SahRRklCLXAGe2uEYZY
2025-10-12T08:48:00.000000Z,#014705,Deduct,16oz cup,1,cup,1fw1iVbaC8SahRRklCLXAGe2uEYZY
2025-10-12T08:48:00.000000Z,#014705,Deduct,almond milk,2,(oz),1fw1iVbaC8SahRRklCLXAGe2uEYZY
2025-10-12T08:48:00.000000Z,#014705,Deduct,seasonal syrup,3,pump,1fw1iVbaC8SahRRklCLXAGe2uEYZY
2025-10-12T08:52:00.000000Z,#014706,Deduct,espresso,36,(g),T62PpWltH7TSdpiUA7foMYo2lvWZY
2025-10-12T08:52:00.000000Z,#014706,Deduct,6oz cup,1,cup,T62PpWltH7TSdpiUA7foMYo2lvWZY
2025-10-12T08:52:00.000000Z,#014706,Deduct,whole milk,2,(oz),T62PpWltH7TSdpiUA7foMYo2lvWZY
2025-10-12T08:55:00.000000Z,#014707,Deduct,espresso,36,(g),BNAB78NlYFPSqfXBl0Lz4vQYPuHZY
2025-10-12T08:55:00.000000Z,#014707,Deduct,12oz cup,2,cup,BNAB78NlYFPSqfXBl0Lz4vQYPuHZY
2025-10-12T08:55:00.000000Z,#014707,Deduct,whole milk,16,(oz),BNAB78NlYFPSqfXBl0Lz4vQYPuHZY
2025-10-12T08:55:00.000000Z,#014707,Deduct,chocolate syrup,3,pump,BNAB78NlYFPSqfXBl0Lz4vQYPuHZY
2025-10-12T08:59:00.000000Z,#014708,Deduct,espresso,45,(g),7gfjb0gXiRH515WpYbv2XqGA65EZY
2025-10-12T08:59:00.000000Z,#014708,Deduct,4oz cup,1,cup,7gfjb0gXiRH515WpYbv2XqGA65EZY
2025-10-12T08:59:00.000000Z,#014708,Deduct,oat milk,1,(oz),7gfjb0gXiRH515WpYbv2XqGA65EZY
2025-10-12T08:59:00.000000Z,#014708,Deduct,6oz cup,1,cup,7gfjb0gXiRH515WpYbv2XqGA65EZY
2025-10-12T08:59:00.000000Z,#014708,Deduct,whole milk,2,(oz),7gfjb0gXiRH515WpYbv2XqGA65EZY
2025-10-12T09:03:00.000000Z,#014709,Deduct,espresso,36,(g),VFtsBnhqHsVvxgBfxTNjBddWJ4TZY
2025-10-12T09:03:00.000000Z,#014709,Deduct,16oz cup,1,cup,VFtsBnhqHsVvxgBfxTNjBddWJ4TZY
2025-10-12T09:03:00.000000Z,#014709,Deduct,almond milk,2,(oz),VFtsBnhqHsVvxgBfxTNjBddWJ4TZY
2025-10-12T09:03:00.000000Z,#014710,Deduct,espresso,18,(g),3S7u4OndnrxP7TcC3ONTgKzhEWZZY
2025-10-12T09:03:00.000000Z,#014710,Deduct,16oz cup,1,cup,3S7u4OndnrxP7TcC3ONTgKzhEWZZY
2025-10-12T09:03:00.000000Z,#014710,Deduct,whole milk,4,(oz),3S7u4OndnrxP7TcC3ONTgKzhEWZZY
2025-10-12T09:06:00.000000Z,#014711,Deduct,espresso,18,(g),TWQlxaHsQrF3X4cU21m58ZRUqg6YY
2025-10-12T09:06:00.000000Z,#014711,Deduct,16oz cup,1,cup,TWQlxaHsQrF3X4cU21m58ZRUqg6YY
2025-10-12T09:06:00.000000Z,#014711,Deduct,whole milk,4,(oz),TWQlxaHsQrF3X4cU21m58ZRUqg6YY
2025-10-12T09:11:00.000000Z,#014712,Deduct,espresso,18,(g),fQGLlydqECAd1oJmoOvsdM4RWW6YY
2025-10-12T09:11:00.000000Z,#014712,Deduct,16oz cup,1,cup,fQGLlydqECAd1oJmoOvsdM4RWW6YY
2025-10-12T09:11:00.000000Z,#014712,Deduct,whole milk,8,(oz),fQGLlydqECAd1oJmoOvsdM4RWW6YY
2025-10-12T09:22:00.000000Z,#014713,Deduct,espresso,36,(g),ZNUcuEQ0WudJvSyHvjM1zNMz7jXZY
2025-10-12T09:22:00.000000Z,#014713,Deduct,6oz cup,1,cup,ZNUcuEQ0WudJvSyHvjM1zNMz7jXZY
2025-10-12T09:22:00.000000Z,#014713,Deduct,oat milk,3,(oz),ZNUcuEQ0WudJvSyHvjM1zNMz7jXZY
2025-10-12T09:23:00.000000Z,#014714,Deduct,espresso,72,(g),pFGfbPBPbPLZomoZJYRIP21bZHcZY
2025-10-12T09:23:00.000000Z,#014714,Deduct,16oz cup,1,cup,pFGfbPBPbPLZomoZJYRIP21bZHcZY
2025-10-12T09:23:00.000000Z,#014714,Deduct,soy milk,2,(oz),pFGfbPBPbPLZomoZJYRIP21bZHcZY
2025-10-12T09:23:00.000000Z,#014714,Deduct,seasonal syrup,3,pump,pFGfbPBPbPLZomoZJYRIP21bZHcZY
2025-10-12T09:23:00.000000Z,#014714,Deduct,4oz cup,1,cup,pFGfbPBPbPLZomoZJYRIP21bZHcZY
2025-10-12T09:23:00.000000Z,#014714,Deduct,whole milk,2,(oz),pFGfbPBPbPLZomoZJYRIP21bZHcZY
2025-10-12T09:26:00.000000Z,#014715,Deduct,espresso,54,(g),faBChHqEud2kjysJ80ZJLuLBpk9YY
2025-10-12T09:26:00.000000Z,#014715,Deduct,16oz cup,1,cup,faBChHqEud2kjysJ80ZJLuLBpk9YY
2025-10-12T09:26:00.000000Z,#014715,Deduct,soy milk,2,(oz),faBChHqEud2kjysJ80ZJLuLBpk9YY
2025-10-12T09:26:00.000000Z,#014715,Deduct,seasonal syrup,6,pump,faBChHqEud2kjysJ80ZJLuLBpk9YY
2025-10-12T09:26:00.000000Z,#014715,Deduct,12oz cup,1,cup,faBChHqEud2kjysJ80ZJLuLBpk9YY
2025-10-12T09:26:00.000000Z,#014715,Deduct,almond milk,2,(oz),faBChHqEud2kjysJ80ZJLuLBpk9YY
2025-10-12T09:37:00.000000Z,#014716,Deduct,espresso,15,(g),jg1dEyLlLLxufYh4E3iupdz1yeIZY
2025-10-12T09:37:00.000000Z,#014716,Deduct,16oz cup,1,cup,jg1dEyLlLLxufYh4E3iupdz1yeIZY
2025-10-12T09:37:00.000000Z,#014716,Deduct,almond milk,2,(oz),jg1dEyLlLLxufYh4E3iupdz1yeIZY
2025-10-12T09:43:00.000000Z,#014717,Deduct,espresso,45,(g),HKvyjm0wmSmowHgpXyaUbUZL3SMZY
2025-10-12T09:43:00.000000Z,#014717,Deduct,12oz cup,1,cup,HKvyjm0wmSmowHgpXyaUbUZL3SMZY
2025-10-12T09:43:00.000000Z,#014717,Deduct,whole milk,10,(oz),HKvyjm0wmSmowHgpXyaUbUZL3SMZY
2025-10-12T09:43:00.000000Z,#014717,Deduct,chocolate syrup,3,pump,HKvyjm0wmSmowHgpXyaUbUZL3SMZY
2025-10-12T09:43:00.000000Z,#014717,Deduct,16oz cup,1,cup,HKvyjm0wmSmowHgpXyaUbUZL3SMZY
2025-10-12T09:47:00.000000Z,#014718,Deduct,espresso,27,(g),zSEWG0vRqMbBBVulUP9Go73CfCSZY
2025-10-12T09:47:00.000000Z,#014718,Deduct,6oz cup,1,cup,zSEWG0vRqMbBBVulUP9Go73CfCSZY
2025-10-12T09:47:00.000000Z,#014718,Deduct,whole milk,2,(oz),zSEWG0vRqMbBBVulUP9Go73CfCSZY
2025-10-12T09:47:00.000000Z,#014718,Deduct,4oz cup,1,cup,zSEWG0vRqMbBBVulUP9Go73CfCSZY
2025-10-12T09:49:00.000000Z,#014719,Deduct,espresso,45,(g),zsTBjSSlsE73tlPCtk1SbFJNVBdZY
2025-10-12T09:49:00.000000Z,#014719,Deduct,4oz cup,1,cup,zsTBjSSlsE73tlPCtk1SbFJNVBdZY
2025-10-12T09:49:00.000000Z,#014719,Deduct,chocolate syrup,3,pump,zsTBjSSlsE73tlPCtk1SbFJNVBdZY
2025-10-12T09:49:00.000000Z,#014719,Deduct,12oz cup,1,cup,zsTBjSSlsE73tlPCtk1SbFJNVBdZY
2025-10-12T09:50:00.000000Z,#014720,Deduct,espresso,54,(g),POFbchDC94q4tV1iullVhvNmydeZY
2025-10-12T09:50:00.000000Z,#014720,Deduct,16oz cup,2,cup,POFbchDC94q4tV1iullVhvNmydeZY
2025-10-12T09:50:00.000000Z,#014720,Deduct,chocolate syrup,4,pump,POFbchDC94q4tV1iullVhvNmydeZY
2025-10-12T09:50:00.000000Z,#014720,Deduct,almond milk,8,(oz),POFbchDC94q4tV1iullVhvNmydeZY
2025-10-12T09:50:00.000000Z,#014721,Deduct,espresso,36,(g),pNyBqbfSw16Fb8x4hTWwHB6srtJZY
2025-10-12T09:50:00.000000Z,#014721,Deduct,4oz cup,1,cup,pNyBqbfSw16Fb8x4hTWwHB6srtJZY
2025-10-12T09:50:00.000000Z,#014721,Deduct,whole milk,1,(oz),pNyBqbfSw16Fb8x4hTWwHB6srtJZY
2025-10-12T09:50:00.000000Z,#014721,Deduct,16oz cup,1,cup,pNyBqbfSw16Fb8x4hTWwHB6srtJZY
2025-10-12T09:50:00.000000Z,#014721,Deduct,soy milk,8,(oz),pNyBqbfSw16Fb8x4hTWwHB6srtJZY
2025-10-12T09:54:00.000000Z,#014722,Deduct,espresso,45,(g),XizoxbAbeGAEgheJHyCg83ZsL1BZY
2025-10-12T09:54:00.000000Z,#014722,Deduct,6oz cup,1,cup,XizoxbAbeGAEgheJHyCg83ZsL1BZY
2025-10-12T09:54:00.000000Z,#014722,Deduct,whole milk,3,(oz),XizoxbAbeGAEgheJHyCg83ZsL1BZY
2025-10-12T09:54:00.000000Z,#014722,Deduct,16oz cup,1,cup,XizoxbAbeGAEgheJHyCg83ZsL1BZY
2025-10-12T09:54:00.000000Z,#014722,Deduct,chocolate syrup,3,pump,XizoxbAbeGAEgheJHyCg83ZsL1BZY
2025-10-12T10:01:00.000000Z,#014723,Deduct,espresso,27,(g),pNqjre5ASUphIa1WxZY9dDznxzZZY
2025-10-12T10:01:00.000000Z,#014723,Deduct,12oz cup,1,cup,pNqjre5ASUphIa1WxZY9dDznxzZZY
2025-10-12T10:01:00.000000Z,#014723,Deduct,almond milk,2,(oz),pNqjre5ASUphIa1WxZY9dDznxzZZY
2025-10-12T10:05:00.000000Z,#014724,Deduct,espresso,65,(g),vafFk8CoZl2kSHix8KRiYoepCxcZY
2025-10-12T10:05:00.000000Z,#014724,Deduct,12oz cup,1,cup,vafFk8CoZl2kSHix8KRiYoepCxcZY
2025-10-12T10:05:00.000000Z,#014724,Deduct,whole milk,2,(oz),vafFk8CoZl2kSHix8KRiYoepCxcZY
2025-10-12T10:05:00.000000Z,#014724,Deduct,caramel syrup,3,pump,vafFk8CoZl2kSHix8KRiYoepCxcZY
2025-10-12T10:05:00.000000Z,#014724,Deduct,6oz cup,1,cup,vafFk8CoZl2kSHix8KRiYoepCxcZY
2025-10-12T10:05:00.000000Z,#014724,Deduct,oat milk,2,(oz),vafFk8CoZl2kSHix8KRiYoepCxcZY
2025-10-12T10:09:00.000000Z,#014725,Deduct,espresso,18,(g),Zhc7WiXVB6l9IDniVWKZ1aQhNYHZY
2025-10-12T10:09:00.000000Z,#014725,Deduct,16oz cup,1,cup,Zhc7WiXVB6l9IDniVWKZ1aQhNYHZY
2025-10-12T10:09:00.000000Z,#014725,Deduct,whole milk,2,(oz),Zhc7WiXVB6l9IDniVWKZ1aQhNYHZY
2025-10-12T10:09:00.000000Z,#014726,Deduct,espresso,9,(g),XWnv2RrnEbCnvaTC20h0PksatFQZY
2025-10-12T10:09:00.000000Z,#014726,Deduct,16oz cup,1,cup,XWnv2RrnEbCnvaTC20h0PksatFQZY
2025-10-12T10:09:00.000000Z,#014726,Deduct,caramel syrup,3,pump,XWnv2RrnEbCnvaTC20h0PksatFQZY
2025-10-12T10:16:00.000000Z,#014727,Deduct,espresso,11,(g),pPvjQV7fqw36wlhPst5xeB4gSDJZY
2025-10-12T10:16:00.000000Z,#014727,Deduct,6oz cup,1,cup,pPvjQV7fqw36wlhPst5xeB4gSDJZY
2025-10-12T10:16:00.000000Z,#014727,Deduct,almond milk,2,(oz),pPvjQV7fqw36wlhPst5xeB4gSDJZY
2025-10-12T10:17:00.000000Z,#014728,Deduct,espresso,27,(g),vaRIJ0ScdTA1UDkH5GbvenpZVqfZY
2025-10-12T10:17:00.000000Z,#014728,Deduct,16oz cup,1,cup,vaRIJ0ScdTA1UDkH5GbvenpZVqfZY
2025-10-12T10:17:00.000000Z,#014728,Deduct,whole milk,10,(oz),vaRIJ0ScdTA1UDkH5GbvenpZVqfZY
2025-10-12T10:17:00.000000Z,#014728,Deduct,hazelnut syrup,3,pump,vaRIJ0ScdTA1UDkH5GbvenpZVqfZY
2025-10-12T10:17:00.000000Z,#014728,Deduct,12oz cup,1,cup,vaRIJ0ScdTA1UDkH5GbvenpZVqfZY
2025-10-12T10:17:00.000000Z,#014728,Deduct,chocolate syrup,3,pump,vaRIJ0ScdTA1UDkH5GbvenpZVqfZY
2025-10-12T10:17:00.000000Z,#014729,Deduct,espresso,36,(g),FDAQ5UR7v7bkQJkwfAoCi8LOleDZY
2025-10-12T10:17:00.000000Z,#014729,Deduct,16oz cup,1,cup,FDAQ5UR7v7bkQJkwfAoCi8LOleDZY
2025-10-12T10:17:00.000000Z,#014729,Deduct,soy milk,2,(oz),FDAQ5UR7v7bkQJkwfAoCi8LOleDZY
2025-10-12T10:21:00.000000Z,#014730,Deduct,espresso,18,(g),H6XunF1eXFBd9lWGeeGwX6WurTXZY
2025-10-12T10:21:00.000000Z,#014730,Deduct,16oz cup,1,cup,H6XunF1eXFBd9lWGeeGwX6WurTXZY
2025-10-12T10:21:00.000000Z,#014730,Deduct,whole milk,2,(oz),H6XunF1eXFBd9lWGeeGwX6WurTXZY
2025-10-12T10:27:00.000000Z,#014731,Deduct,espresso,27,(g),BfhrmYuPNZm7F2Xtd6edqgmDLGdZY
2025-10-12T10:27:00.000000Z,#014731,Deduct,12oz cup,1,cup,BfhrmYuPNZm7F2Xtd6edqgmDLGdZY
2025-10-12T10:27:00.000000Z,#014731,Deduct,soy milk,2,(oz),BfhrmYuPNZm7F2Xtd6edqgmDLGdZY
2025-10-12T10:37:00.000000Z,#014732,Deduct,espresso,18,(g),PcQ5Ov5FaeFuYXIaCwlPt5RTVo8YY
2025-10-12T10:37:00.000000Z,#014732,Deduct,12oz cup,1,cup,PcQ5Ov5FaeFuYXIaCwlPt5RTVo8YY
2025-10-12T10:37:00.000000Z,#014732,Deduct,whole milk,8,(oz),PcQ5Ov5FaeFuYXIaCwlPt5RTVo8YY
2025-10-12T10:37:00.000000Z,#014732,Deduct,vanilla syrup,3,pump,PcQ5Ov5FaeFuYXIaCwlPt5RTVo8YY
2025-10-12T10:38:00.000000Z,#014733,Deduct,espresso,9,(g),zuSgFf6LFNuMpvrLULUC9XkY7ycZY
2025-10-12T10:38:00.000000Z,#014733,Deduct,4oz cup,1,cup,zuSgFf6LFNuMpvrLULUC9XkY7ycZY
2025-10-12T10:38:00.000000Z,#014733,Deduct,oat milk,2,(oz),zuSgFf6LFNuMpvrLULUC9XkY7ycZY
2025-10-12T10:57:00.000000Z,#014734,Deduct,espresso,27,(g),5rBbMCraHp2FAPGSdIfV2P9qCP8YY
2025-10-12T10:57:00.000000Z,#014734,Deduct,16oz cup,1,cup,5rBbMCraHp2FAPGSdIfV2P9qCP8YY
2025-10-12T10:57:00.000000Z,#014734,Deduct,whole milk,8,(oz),5rBbMCraHp2FAPGSdIfV2P9qCP8YY
2025-10-12T10:59:00.000000Z,#014735,Deduct,espresso,18,(g),jwj4mRzrm4x01PfbhYMhqpyAlkOZY
2025-10-12T10:59:00.000000Z,#014735,Deduct,6oz cup,1,cup,jwj4mRzrm4x01PfbhYMhqpyAlkOZY
2025-10-12T10:59:00.000000Z,#014735,Deduct,oat milk,3,(oz),jwj4mRzrm4x01PfbhYMhqpyAlkOZY
2025-10-12T10:59:00.000000Z,#014736,Deduct,espresso,36,(g),jKAI6vU4coxZo2UJXLP9OdN9pVYZY
2025-10-12T10:59:00.000000Z,#014736,Deduct,16oz cup,2,cup,jKAI6vU4coxZo2UJXLP9OdN9pVYZY
2025-10-12T10:59:00.000000Z,#014736,Deduct,whole milk,12,(oz),jKAI6vU4coxZo2UJXLP9OdN9pVYZY
2025-10-12T10:59:00.000000Z,#014736,Deduct,chocolate syrup,4,pump,jKAI6vU4coxZo2UJXLP9OdN9pVYZY
2025-10-12T11:03:00.000000Z,#014737,Deduct,espresso,27,(g),J3H9YowshRonGYlDLkWDxGUxNxcZY
2025-10-12T11:03:00.000000Z,#014737,Deduct,16oz cup,1,cup,J3H9YowshRonGYlDLkWDxGUxNxcZY
2025-10-12T11:03:00.000000Z,#014737,Deduct,chocolate syrup,3,pump,J3H9YowshRonGYlDLkWDxGUxNxcZY
2025-10-12T11:07:00.000000Z,#014738,Deduct,espresso,27,(g),tDCs06yi6Lep3hLwrX3vSxip7k7YY
2025-10-12T11:07:00.000000Z,#014738,Deduct,16oz cup,1,cup,tDCs06yi6Lep3hLwrX3vSxip7k7YY
2025-10-12T11:07:00.000000Z,#014738,Deduct,whole milk,8,(oz),tDCs06yi6Lep3hLwrX3vSxip7k7YY
2025-10-12T11:09:00.000000Z,#014739,Deduct,espresso,36,(g),LO0qSOtHZ4oivSxjW0jIs6ttAsJZY
2025-10-12T11:09:00.000000Z,#014739,Deduct,6oz cup,1,cup,LO0qSOtHZ4oivSxjW0jIs6ttAsJZY
2025-10-12T11:09:00.000000Z,#014739,Deduct,oat milk,2,(oz),LO0qSOtHZ4oivSxjW0jIs6ttAsJZY
2025-10-12T11:09:00.000000Z,#014739,Deduct,16oz cup,1,cup,LO0qSOtHZ4oivSxjW0jIs6ttAsJZY
2025-10-12T11:09:00.000000Z,#014739,Deduct,whole milk,2,(oz),LO0qSOtHZ4oivSxjW0jIs6ttAsJZY
2025-10-12T11:12:00.000000Z,#014740,Deduct,espresso,27,(g),ncutp8vkVGU44dUBmsXBs9adzJLZY
2025-10-12T11:12:00.000000Z,#014740,Deduct,16oz cup,2,cup,ncutp8vkVGU44dUBmsXBs9adzJLZY
2025-10-12T11:12:00.000000Z,#014740,Deduct,almond milk,8,(oz),ncutp8vkVGU44dUBmsXBs9adzJLZY
2025-10-12T11:12:00.000000Z,#014740,Deduct,seasonal syrup,3,pump,ncutp8vkVGU44dUBmsXBs9adzJLZY
2025-10-12T11:23:00.000000Z,#014741,Deduct,espresso,36,(g),7QfHr0EbLk618ZqOz6tXsmR764cZY
2025-10-12T11:23:00.000000Z,#014741,Deduct,16oz cup,1,cup,7QfHr0EbLk618ZqOz6tXsmR764cZY
2025-10-12T11:23:00.000000Z,#014741,Deduct,almond milk,2,(oz),7QfHr0EbLk618ZqOz6tXsmR764cZY
2025-10-12T11:23:00.000000Z,#014741,Deduct,chocolate syrup,3,pump,7QfHr0EbLk618ZqOz6tXsmR764cZY
2025-10-12T11:23:00.000000Z,#014741,Deduct,6oz cup,1,cup,7QfHr0EbLk618ZqOz6tXsmR764cZY
2025-10-12T11:23:00.000000Z,#014741,Deduct,whole milk,2,(oz),7QfHr0EbLk618ZqOz6tXsmR764cZY
2025-10-12T11:26:00.000000Z,#014742,Deduct,espresso,60,(g),5VMeQwEtXbRHxaRGIKkTT6DGHqNZY
2025-10-12T11:26:00.000000Z,#014742,Deduct,16oz cup,1,cup,5VMeQwEtXbRHxaRGIKkTT6DGHqNZY
2025-10-12T11:26:00.000000Z,#014742,Deduct,whole milk,2,(oz),5VMeQwEtXbRHxaRGIKkTT6DGHqNZY
2025-10-12T11:26:00.000000Z,#014742,Deduct,caramel syrup,3,pump,5VMeQwEtXbRHxaRGIKkTT6DGHqNZY
2025-10-12T11:26:00.000000Z,#014742,Deduct,12oz cup,1,cup,5VMeQwEtXbRHxaRGIKkTT6DGHqNZY
2025-10-12T11:26:00.000000Z,#014742,Deduct,vanilla syrup,3,pump,5VMeQwEtXbRHxaRGIKkTT6DGHqNZY
2025-10-12T11:28:00.000000Z,#014743,Deduct,espresso,18,(g),TstkQw1vjQMZH1qTeUjqWApVE95YY
2025-10-12T11:28:00.000000Z,#014743,Deduct,16oz cup,1,cup,TstkQw1vjQMZH1qTeUjqWApVE95YY
2025-10-12T11:28:00.000000Z,#014743,Deduct,whole milk,8,(oz),TstkQw1vjQMZH1qTeUjqWApVE95YY
2025-10-12T11:28:00.000000Z,#014743,Deduct,chocolate syrup,4,pump,TstkQw1vjQMZH1qTeUjqWApVE95YY
2025-10-12T11:33:00.000000Z,#014744,Deduct,espresso,54,(g),TktmedSmkEqUgxZsGD8NNKkxMOQZY
2025-10-12T11:33:00.000000Z,#014744,Deduct,16oz cup,2,cup,TktmedSmkEqUgxZsGD8NNKkxMOQZY
2025-10-12T11:33:00.000000Z,#014744,Deduct,almond milk,8,(oz),TktmedSmkEqUgxZsGD8NNKkxMOQZY
2025-10-12T11:41:00.000000Z,#014745,Deduct,espresso,45,(g),pte17YgBOAhJJKOQYFbnyn2QHIZZY
2025-10-12T11:41:00.000000Z,#014745,Deduct,16oz cup,2,cup,pte17YgBOAhJJKOQYFbnyn2QHIZZY
2025-10-12T11:41:00.000000Z,#014745,Deduct,oat milk,2,(oz),pte17YgBOAhJJKOQYFbnyn2QHIZZY
2025-10-12T11:45:00.000000Z,#014746,Deduct,espresso,18,(g),pNsINWnnzN8faO3XE81axqKxZBDZY
2025-10-12T11:45:00.000000Z,#014746,Deduct,4oz cup,1,cup,pNsINWnnzN8faO3XE81axqKxZBDZY
2025-10-12T11:45:00.000000Z,#014746,Deduct,almond milk,2,(oz),pNsINWnnzN8faO3XE81axqKxZBDZY
2025-10-12T11:45:00.000000Z,#014746,Deduct,16oz cup,1,cup,pNsINWnnzN8faO3XE81axqKxZBDZY
2025-10-12T11:45:00.000000Z,#014746,Deduct,vanilla syrup,3,pump,pNsINWnnzN8faO3XE81axqKxZBDZY
2025-10-12T11:47:00.000000Z,#014747,Deduct,espresso,63,(g),fSFO34Ypg96xqsus9OypgWpxdkYZY
2025-10-12T11:47:00.000000Z,#014747,Deduct,16oz cup,1,cup,fSFO34Ypg96xqsus9OypgWpxdkYZY
2025-10-12T11:47:00.000000Z,#014747,Deduct,almond milk,2,(oz),fSFO34Ypg96xqsus9OypgWpxdkYZY
2025-10-12T11:47:00.000000Z,#014747,Deduct,12oz cup,1,cup,fSFO34Ypg96xqsus9OypgWpxdkYZY
2025-10-12T11:47:00.000000Z,#014747,Deduct,whole milk,2,(oz),fSFO34Ypg96xqsus9OypgWpxdkYZY
2025-10-12T11:48:00.000000Z,#014748,Deduct,espresso,18,(g),99LaVvtSCseuC9FWLdDNPUvFPEaZY
2025-10-12T11:48:00.000000Z,#014748,Deduct,12oz cup,1,cup,99LaVvtSCseuC9FWLdDNPUvFPEaZY
2025-10-12T11:50:00.000000Z,#014749,Deduct,espresso,27,(g),9P0UyFWei59xDSvA8iBqY2af3rMZY
2025-10-12T11:50:00.000000Z,#014749,Deduct,4oz cup,1,cup,9P0UyFWei59xDSvA8iBqY2af3rMZY
2025-10-12T11:50:00.000000Z,#014749,Deduct,almond milk,2,(oz),9P0UyFWei59xDSvA8iBqY2af3rMZY
2025-10-12T11:50:00.000000Z,#014749,Deduct,16oz cup,1,cup,9P0UyFWei59xDSvA8iBqY2af3rMZY
2025-10-12T11:50:00.000000Z,#014749,Deduct,whole milk,8,(oz),9P0UyFWei59xDSvA8iBqY2af3rMZY
2025-10-12T11:50:00.000000Z,#014749,Deduct,hazelnut syrup,3,pump,9P0UyFWei59xDSvA8iBqY2af3rMZY
2025-10-12T12:00:00.000000Z,#014750,Deduct,espresso,36,(g),nqJNAGXOVrIvMdHH1ABWAq8LfkEZY
2025-10-12T12:00:00.000000Z,#014750,Deduct,12oz cup,2,cup,nqJNAGXOVrIvMdHH1ABWAq8LfkEZY
2025-10-12T12:00:00.000000Z,#014750,Deduct,chocolate syrup,6,pump,nqJNAGXOVrIvMdHH1ABWAq8LfkEZY
2025-10-12T12:00:00.000000Z,#014750,Deduct,oat milk,8,(oz),nqJNAGXOVrIvMdHH1ABWAq8LfkEZY
2025-10-12T12:00:00.000000Z,#014750,Deduct,whole milk,8,(oz),nqJNAGXOVrIvMdHH1ABWAq8LfkEZY
2025-10-12T12:00:00.000000Z,#014750,Deduct,seasonal syrup,3,pump,nqJNAGXOVrIvMdHH1ABWAq8LfkEZY
2025-10-12T12:03:00.000000Z,#014751,Deduct,espresso,27,(g),BnZ7ftXw9nYoYpLypJzfRdYNlLLZY
2025-10-12T12:03:00.000000Z,#014751,Deduct,16oz cup,1,cup,BnZ7ftXw9nYoYpLypJzfRdYNlLLZY
2025-10-12T12:03:00.000000Z,#014751,Deduct,almond milk,2,(oz),BnZ7ftXw9nYoYpLypJzfRdYNlLLZY
2025-10-12T12:03:00.000000Z,#014752,Deduct,espresso,18,(g),p3Js5qs5DhmZeMhunclQScxY8OHZY
2025-10-12T12:03:00.000000Z,#014752,Deduct,16oz cup,1,cup,p3Js5qs5DhmZeMhunclQScxY8OHZY
2025-10-12T12:03:00.000000Z,#014752,Deduct,whole milk,8,(oz),p3Js5qs5DhmZeMhunclQScxY8OHZY
2025-10-12T12:03:00.000000Z,#014752,Deduct,chocolate syrup,4,pump,p3Js5qs5DhmZeMhunclQScxY8OHZY
2025-10-12T12:04:00.000000Z,#014753,Deduct,espresso,18,(g),Z3B023RHjRh071TuM351ieotnsdZY
2025-10-12T12:04:00.000000Z,#014753,Deduct,12oz cup,1,cup,Z3B023RHjRh071TuM351ieotnsdZY
2025-10-12T12:04:00.000000Z,#014753,Deduct,whole milk,8,(oz),Z3B023RHjRh071TuM351ieotnsdZY
2025-10-12T12:04:00.000000Z,#014753,Deduct,vanilla syrup,3,pump,Z3B023RHjRh071TuM351ieotnsdZY
2025-10-12T12:19:00.000000Z,#014754,Deduct,espresso,27,(g),htOmWpzggnMnMzTKe9pnelWvu6MZY
2025-10-12T12:19:00.000000Z,#014754,Deduct,12oz cup,1,cup,htOmWpzggnMnMzTKe9pnelWvu6MZY
2025-10-12T12:19:00.000000Z,#014754,Deduct,oat milk,2,(oz),htOmWpzggnMnMzTKe9pnelWvu6MZY
2025-10-12T12:22:00.000000Z,#014755,Deduct,espresso,29,(g),BNctMNzoYcTSZ9VIKvhq2ziO6ocZY
2025-10-12T12:22:00.000000Z,#014755,Deduct,6oz cup,1,cup,BNctMNzoYcTSZ9VIKvhq2ziO6ocZY
2025-10-12T12:22:00.000000Z,#014755,Deduct,4oz cup,1,cup,BNctMNzoYcTSZ9VIKvhq2ziO6ocZY
2025-10-12T12:22:00.000000Z,#014755,Deduct,whole milk,2,(oz),BNctMNzoYcTSZ9VIKvhq2ziO6ocZY
2025-10-12T12:30:00.000000Z,#014756,Deduct,espresso,9,(g),nWv3Xnabtgx8TbmEj6njHWHGDBRZY
2025-10-12T12:30:00.000000Z,#014756,Deduct,4oz cup,1,cup,nWv3Xnabtgx8TbmEj6njHWHGDBRZY
2025-10-12T12:30:00.000000Z,#014756,Deduct,whole milk,1,(oz),nWv3Xnabtgx8TbmEj6njHWHGDBRZY
2025-10-12T12:38:00.000000Z,#014757,Deduct,espresso,18,(g),X0cWOSid6Cd959Un6VUkaVJlO79YY
2025-10-12T12:38:00.000000Z,#014757,Deduct,16oz cup,1,cup,X0cWOSid6Cd959Un6VUkaVJlO79YY
2025-10-12T12:38:00.000000Z,#014757,Deduct,soy milk,2,(oz),X0cWOSid6Cd959Un6VUkaVJlO79YY
2025-10-12T12:38:00.000000Z,#014758,Deduct,espresso,9,(g),JDX4Pc3PTvnTPYH0AThzjDUGxiQZY
2025-10-12T12:38:00.000000Z,#014758,Deduct,4oz cup,1,cup,JDX4Pc3PTvnTPYH0AThzjDUGxiQZY
2025-10-12T12:38:00.000000Z,#014758,Deduct,vanilla syrup,3,pump,JDX4Pc3PTvnTPYH0AThzjDUGxiQZY
2025-10-12T12:50:00.000000Z,#014759,Deduct,espresso,36,(g),ZlQ0UHatxGw2t75BeiWfK7TenwCZY
2025-10-12T12:50:00.000000Z,#014759,Deduct,12oz cup,1,cup,ZlQ0UHatxGw2t75BeiWfK7TenwCZY
2025-10-12T12:50:00.000000Z,#014759,Deduct,seasonal syrup,3,pump,ZlQ0UHatxGw2t75BeiWfK7TenwCZY
2025-10-12T12:50:00.000000Z,#014759,Deduct,16oz cup,1,cup,ZlQ0UHatxGw2t75BeiWfK7TenwCZY
2025-10-12T12:50:00.000000Z,#014759,Deduct,whole milk,2,(oz),ZlQ0UHatxGw2t75BeiWfK7TenwCZY
2025-10-12T13:06:00.000000Z,#014760,Deduct,espresso,54,(g),bWscBeot8eU5WNuSJGU6EOpKcsYZY
2025-10-12T13:06:00.000000Z,#014760,Deduct,16oz cup,1,cup,bWscBeot8eU5WNuSJGU6EOpKcsYZY
2025-10-12T13:06:00.000000Z,#014760,Deduct,6oz cup,1,cup,bWscBeot8eU5WNuSJGU6EOpKcsYZY
2025-10-12T13:06:00.000000Z,#014760,Deduct,whole milk,2,(oz),bWscBeot8eU5WNuSJGU6EOpKcsYZY
2025-10-12T13:07:00.000000Z,#014761,Deduct,espresso,18,(g),VNxoNmhYnsLP3YUKFRhZLe697l6YY
2025-10-12T13:07:00.000000Z,#014761,Deduct,12oz cup,1,cup,VNxoNmhYnsLP3YUKFRhZLe697l6YY
2025-10-12T13:07:00.000000Z,#014761,Deduct,whole milk,8,(oz),VNxoNmhYnsLP3YUKFRhZLe697l6YY
2025-10-12T13:07:00.000000Z,#014761,Deduct,chocolate syrup,3,pump,VNxoNmhYnsLP3YUKFRhZLe697l6YY
2025-10-12T13:17:00.000000Z,#014762,Deduct,espresso,27,(g),rSi67RnLcw6WsUO7Gsjy4Ykj44WZY
2025-10-12T13:17:00.000000Z,#014762,Deduct,12oz cup,1,cup,rSi67RnLcw6WsUO7Gsjy4Ykj44WZY
2025-10-12T13:17:00.000000Z,#014762,Deduct,seasonal syrup,3,pump,rSi67RnLcw6WsUO7Gsjy4Ykj44WZY
2025-10-12T13:19:00.000000Z,#014763,Deduct,espresso,63,(g),5l0OMs7RkkueFwpgNK1idddlfRTZY
2025-10-12T13:19:00.000000Z,#014763,Deduct,12oz cup,2,cup,5l0OMs7RkkueFwpgNK1idddlfRTZY
2025-10-12T13:19:00.000000Z,#014763,Deduct,chocolate syrup,6,pump,5l0OMs7RkkueFwpgNK1idddlfRTZY
2025-10-12T13:19:00.000000Z,#014763,Deduct,almond milk,8,(oz),5l0OMs7RkkueFwpgNK1idddlfRTZY
2025-10-12T13:19:00.000000Z,#014763,Deduct,whole milk,8,(oz),5l0OMs7RkkueFwpgNK1idddlfRTZY
2025-10-12T13:54:00.000000Z,#014764,Deduct,espresso,27,(g),H6FjSnxHzG955eaTjQGCeRSjZIbZY
2025-10-12T13:54:00.000000Z,#014764,Deduct,16oz cup,1,cup,H6FjSnxHzG955eaTjQGCeRSjZIbZY
2025-10-12T13:54:00.000000Z,#014764,Deduct,whole milk,3,(oz),H6FjSnxHzG955eaTjQGCeRSjZIbZY
2025-10-12T13:54:00.000000Z,#014764,Deduct,4oz cup,1,cup,H6FjSnxHzG955eaTjQGCeRSjZIbZY
2025-10-12T14:41:00.000000Z,#014765,Deduct,espresso,36,(g),zMnjXGPSTj6ID9eRtBuYay1eMWbZY
2025-10-12T14:41:00.000000Z,#014765,Deduct,16oz cup,1,cup,zMnjXGPSTj6ID9eRtBuYay1eMWbZY
2025-10-12T14:41:00.000000Z,#014765,Deduct,whole milk,12,(oz),zMnjXGPSTj6ID9eRtBuYay1eMWbZY
2025-10-12T14:41:00.000000Z,#014765,Deduct,12oz cup,1,cup,zMnjXGPSTj6ID9eRtBuYay1eMWbZY
2025-10-12T14:41:00.000000Z,#014765,Deduct,chocolate syrup,3,pump,zMnjXGPSTj6ID9eRtBuYay1eMWbZY
2025-10-12T14:45:00.000000Z,#014766,Deduct,espresso,36,(g),5LBpjg58dRkpv1XZIL3SHE5cUeGZY
2025-10-12T14:45:00.000000Z,#014766,Deduct,16oz cup,1,cup,5LBpjg58dRkpv1XZIL3SHE5cUeGZY
2025-10-12T14:45:00.000000Z,#014766,Deduct,whole milk,7,(oz),5LBpjg58dRkpv1XZIL3SHE5cUeGZY
2025-10-12T14:45:00.000000Z,#014766,Deduct,vanilla syrup,3,pump,5LBpjg58dRkpv1XZIL3SHE5cUeGZY
2025-10-12T14:45:00.000000Z,#014766,Deduct,6oz cup,1,cup,5LBpjg58dRkpv1XZIL3SHE5cUeGZY
2025-10-12T15:00:00.000000Z,#014767,Deduct,espresso,54,(g),vAm321D9UYarwgk4rGJuDTllyPPZY
2025-10-12T15:00:00.000000Z,#014767,Deduct,16oz cup,2,cup,vAm321D9UYarwgk4rGJuDTllyPPZY
2025-10-12T15:00:00.000000Z,#014767,Deduct,whole milk,8,(oz),vAm321D9UYarwgk4rGJuDTllyPPZY
2025-10-12T15:00:00.000000Z,#014767,Deduct,chocolate syrup,4,pump,vAm321D9UYarwgk4rGJuDTllyPPZY
2025-10-12T15:00:00.000000Z,#014767,Deduct,oat milk,2,(oz),vAm321D9UYarwgk4rGJuDTllyPPZY
2025-10-12T15:18:00.000000Z,#014768,Deduct,espresso,36,(g),zGKWT0vJOS4bCNC3RJKXTj3eoKVZY
2025-10-12T15:18:00.000000Z,#014768,Deduct,16oz cup,1,cup,zGKWT0vJOS4bCNC3RJKXTj3eoKVZY
2025-10-12T15:18:00.000000Z,#014768,Deduct,soy milk,8,(oz),zGKWT0vJOS4bCNC3RJKXTj3eoKVZY
2025-10-12T15:18:00.000000Z,#014768,Deduct,seasonal syrup,3,pump,zGKWT0vJOS4bCNC3RJKXTj3eoKVZY
2025-10-12T15:18:00.000000Z,#014768,Deduct,4oz cup,1,cup,zGKWT0vJOS4bCNC3RJKXTj3eoKVZY
2025-10-12T15:18:00.000000Z,#014768,Deduct,whole milk,1,(oz),zGKWT0vJOS4bCNC3RJKXTj3eoKVZY
2025-10-12T15:18:00.000000Z,#014769,Deduct,espresso,33,(g),DGGwoUChFb59yoVB42WhhtUyuUOZY
2025-10-12T15:18:00.000000Z,#014769,Deduct,16oz cup,1,cup,DGGwoUChFb59yoVB42WhhtUyuUOZY
2025-10-12T15:18:00.000000Z,#014769,Deduct,6oz cup,1,cup,DGGwoUChFb59yoVB42WhhtUyuUOZY
2025-10-12T15:18:00.000000Z,#014769,Deduct,soy milk,2,(oz),DGGwoUChFb59yoVB42WhhtUyuUOZY
2025-10-12T15:42:00.000000Z,#014770,Deduct,espresso,18,(g),fEmOFajYM1zfm1n8nCB4G2FjsY6YY
2025-10-12T15:42:00.000000Z,#014770,Deduct,16oz cup,1,cup,fEmOFajYM1zfm1n8nCB4G2FjsY6YY
2025-10-12T15:42:00.000000Z,#014770,Deduct,chocolate syrup,4,pump,fEmOFajYM1zfm1n8nCB4G2FjsY6YY
2025-10-12T15:42:00.000000Z,#014770,Deduct,oat milk,8,(oz),fEmOFajYM1zfm1n8nCB4G2FjsY6YY
2025-10-12T16:49:00.000000Z,#014771,Deduct,espresso,54,(g),fs62XVfB1sjLbwoMFqVNvNlwmQcZY
2025-10-12T16:49:00.000000Z,#014771,Deduct,16oz cup,2,cup,fs62XVfB1sjLbwoMFqVNvNlwmQcZY
2025-10-12T16:49:00.000000Z,#014771,Deduct,seasonal syrup,3,pump,fs62XVfB1sjLbwoMFqVNvNlwmQcZY
2025-10-12T16:50:00.000000Z,#014772,Deduct,espresso,33,(g),vIQ03lMFNUOa9NWuOiy2WFVWYQLZY
2025-10-12T16:50:00.000000Z,#014772,Deduct,4oz cup,1,cup,vIQ03lMFNUOa9NWuOiy2WFVWYQLZY
2025-10-12T16:50:00.000000Z,#014772,Deduct,whole milk,4,(oz),vIQ03lMFNUOa9NWuOiy2WFVWYQLZY
2025-10-12T16:50:00.000000Z,#014772,Deduct,chocolate syrup,3,pump,vIQ03lMFNUOa9NWuOiy2WFVWYQLZY
2025-10-12T16:50:00.000000Z,#014772,Deduct,16oz cup,1,cup,vIQ03lMFNUOa9NWuOiy2WFVWYQLZY
2025-10-12T17:00:00.000000Z,#014773,Deduct,espresso,29,(g),vEOApX8Q3yPZKjoqTOkAbQGI9gTZY
2025-10-12T17:00:00.000000Z,#014773,Deduct,6oz cup,1,cup,vEOApX8Q3yPZKjoqTOkAbQGI9gTZY
2025-10-12T17:00:00.000000Z,#014773,Deduct,hazelnut syrup,3,pump,vEOApX8Q3yPZKjoqTOkAbQGI9gTZY
2025-10-12T17:00:00.000000Z,#014773,Deduct,16oz cup,1,cup,vEOApX8Q3yPZKjoqTOkAbQGI9gTZY
2025-10-12T17:00:00.000000Z,#014773,Deduct,soy milk,4,(oz),vEOApX8Q3yPZKjoqTOkAbQGI9gTZY
2025-10-12T17:02:00.000000Z,#014774,Deduct,espresso,11,(g),9LCgWm2wbiT7KRtHqcHoOYD1UgfZY
2025-10-12T17:02:00.000000Z,#014774,Deduct,6oz cup,1,cup,9LCgWm2wbiT7KRtHqcHoOYD1UgfZY
2025-10-12T17:25:00.000000Z,#014775,Deduct,espresso,9,(g),pB4jUFpEFx58tqvWfmedgly3IuXZY
2025-10-12T17:25:00.000000Z,#014775,Deduct,4oz cup,1,cup,pB4jUFpEFx58tqvWfmedgly3IuXZY
2025-10-12T17:31:00.000000Z,#014776,Deduct,espresso,29,(g),xhomzqUJla9OcShyelF9s2OSVg9YY
2025-10-12T17:31:00.000000Z,#014776,Deduct,6oz cup,1,cup,xhomzqUJla9OcShyelF9s2OSVg9YY
2025-10-12T17:32:00.000000Z,#014777,Deduct,espresso,27,(g),rwLBgHK9WbmFuBjn5nX6ldOx26RZY
2025-10-12T17:32:00.000000Z,#014777,Deduct,12oz cup,1,cup,rwLBgHK9WbmFuBjn5nX6ldOx26RZY
2025-10-12T17:32:00.000000Z,#014777,Deduct,seasonal syrup,3,pump,rwLBgHK9WbmFuBjn5nX6ldOx26RZY
2025-10-12T17:39:00.000000Z,#014778,Deduct,espresso,11,(g),PEEFI9VGQr8o4b1pooOSI6uU1FOZY
2025-10-12T17:39:00.000000Z,#014778,Deduct,6oz cup,1,cup,PEEFI9VGQr8o4b1pooOSI6uU1FOZY
2025-10-12T17:39:00.000000Z,#014778,Deduct,soy milk,2,(oz),PEEFI9VGQr8o4b1pooOSI6uU1FOZY
2025-10-12T17:50:00.000000Z,#014779,Deduct,espresso,45,(g),JzXs1z5twuG5pOwkNYdHfIvSswDZY
2025-10-12T17:50:00.000000Z,#014779,Deduct,16oz cup,2,cup,JzXs1z5twuG5pOwkNYdHfIvSswDZY
2025-10-12T17:50:00.000000Z,#014779,Deduct,whole milk,8,(oz),JzXs1z5twuG5pOwkNYdHfIvSswDZY
2025-10-12T17:52:00.000000Z,#014780,Deduct,espresso,36,(g),XoeEjOAN7IGAOGfOqf8Ye1379m8YY
2025-10-12T17:52:00.000000Z,#014780,Deduct,16oz cup,1,cup,XoeEjOAN7IGAOGfOqf8Ye1379m8YY
2025-10-12T17:52:00.000000Z,#014780,Deduct,oat milk,2,(oz),XoeEjOAN7IGAOGfOqf8Ye1379m8YY
2025-10-12T17:57:00.000000Z,#014781,Deduct,espresso,27,(g),nehkUWh7ER8Et79fOpiGevf64IeZY
2025-10-12T17:57:00.000000Z,#014781,Deduct,16oz cup,1,cup,nehkUWh7ER8Et79fOpiGevf64IeZY
2025-10-12T17:57:00.000000Z,#014781,Deduct,whole milk,8,(oz),nehkUWh7ER8Et79fOpiGevf64IeZY
2025-10-12T18:11:00.000000Z,#014782,Deduct,espresso,18,(g),BRMS3N6A3uwuzVPHcgivC8QnJcXZY
2025-10-12T18:11:00.000000Z,#014782,Deduct,16oz cup,1,cup,BRMS3N6A3uwuzVPHcgivC8QnJcXZY
2025-10-12T18:11:00.000000Z,#014782,Deduct,whole milk,8,(oz),BRMS3N6A3uwuzVPHcgivC8QnJcXZY
2025-10-12T18:11:00.000000Z,#014782,Deduct,chocolate syrup,4,pump,BRMS3N6A3uwuzVPHcgivC8QnJcXZY
2025-10-12T18:11:00.000000Z,#014783,Deduct,espresso,36,(g),LW6zsdPHQ5A29xZpr6hSoQsnShEZY
2025-10-12T18:11:00.000000Z,#014783,Deduct,16oz cup,2,cup,LW6zsdPHQ5A29xZpr6hSoQsnShEZY
2025-10-12T18:11:00.000000Z,#014783,Deduct,whole milk,10,(oz),LW6zsdPHQ5A29xZpr6hSoQsnShEZY
2025-10-12T18:11:00.000000Z,#014783,Deduct,seasonal syrup,3,pump,LW6zsdPHQ5A29xZpr6hSoQsnShEZY
2025-10-12T18:11:00.000000Z,#014783,Deduct,chocolate syrup,4,pump,LW6zsdPHQ5A29xZpr6hSoQsnShEZY
2025-10-12T18:20:00.000000Z,#014784,Deduct,espresso,18,(g),hVAl2bI8gnGz5DFbLY6qeQ7DY1EZY
2025-10-12T18:20:00.000000Z,#014784,Deduct,16oz cup,1,cup,hVAl2bI8gnGz5DFbLY6qeQ7DY1EZY
2025-10-12T18:20:00.000000Z,#014784,Deduct,oat milk,8,(oz),hVAl2bI8gnGz5DFbLY6qeQ7DY1EZY
2025-10-12T18:41:00.000000Z,#014785,Deduct,espresso,18,(g),BT79v2tmpWJGggQhc3ApxP34Mb8YY
2025-10-12T18:41:00.000000Z,#014785,Deduct,16oz cup,1,cup,BT79v2tmpWJGggQhc3ApxP34Mb8YY
2025-10-12T18:41:00.000000Z,#014785,Deduct,whole milk,4,(oz),BT79v2tmpWJGggQhc3ApxP34Mb8YY
2025-10-12T18:55:00.000000Z,#014786,Deduct,espresso,18,(g),v6lkK6sQC9BMeobPYhcOs7xuExKZY
2025-10-12T18:55:00.000000Z,#014786,Deduct,16oz cup,1,cup,v6lkK6sQC9BMeobPYhcOs7xuExKZY
2025-10-12T18:58:00.000000Z,#014787,Deduct,espresso,27,(g),Ds7PDYdd0lC9zH4rLiuUouMrhNYZY
2025-10-12T18:58:00.000000Z,#014787,Deduct,16oz cup,1,cup,Ds7PDYdd0lC9zH4rLiuUouMrhNYZY
2025-10-12T18:58:00.000000Z,#014787,Deduct,almond milk,8,(oz),Ds7PDYdd0lC9zH4rLiuUouMrhNYZY
2025-10-12T19:17:00.000000Z,#014788,Deduct,espresso,36,(g),DU3tkCxrGnOMj3Mz21U0PrLKdI8YY
2025-10-12T19:17:00.000000Z,#014788,Deduct,4oz cup,1,cup,DU3tkCxrGnOMj3Mz21U0PrLKdI8YY
2025-10-12T19:17:00.000000Z,#014788,Deduct,whole milk,9,(oz),DU3tkCxrGnOMj3Mz21U0PrLKdI8YY
2025-10-12T19:17:00.000000Z,#014788,Deduct,12oz cup,1,cup,DU3tkCxrGnOMj3Mz21U0PrLKdI8YY
2025-10-12T19:28:00.000000Z,#014789,Deduct,espresso,18,(g),lRjKHlHShY7f4zQZL4hljztEjJPZY
2025-10-12T19:28:00.000000Z,#014789,Deduct,12oz cup,1,cup,lRjKHlHShY7f4zQZL4hljztEjJPZY
2025-10-12T19:28:00.000000Z,#014789,Deduct,almond milk,8,(oz),lRjKHlHShY7f4zQZL4hljztEjJPZY
2025-10-12T19:29:00.000000Z,#014790,Deduct,espresso,36,(g),DqA4oPUER20uoYECvbvWRaFTFwTZY
2025-10-12T19:29:00.000000Z,#014790,Deduct,16oz cup,2,cup,DqA4oPUER20uoYECvbvWRaFTFwTZY
2025-10-12T19:29:00.000000Z,#014790,Deduct,whole milk,4,(oz),DqA4oPUER20uoYECvbvWRaFTFwTZY
2025-10-12T19:38:00.000000Z,#014791,Deduct,espresso,9,(g),hrFARtUsRmXlpVMaedHBi6UDSK9YY
2025-10-12T19:38:00.000000Z,#014791,Deduct,16oz cup,1,cup,hrFARtUsRmXlpVMaedHBi6UDSK9YY
2025-10-12T19:38:00.000000Z,#014791,Deduct,soy milk,2,(oz),hrFARtUsRmXlpVMaedHBi6UDSK9YY
2025-10-12T19:41:00.000000Z,#014792,Deduct,espresso,18,(g),T2E7PW6kigCZBK5wCs0gO49rSTdZY
2025-10-12T19:41:00.000000Z,#014792,Deduct,16oz cup,1,cup,T2E7PW6kigCZBK5wCs0gO49rSTdZY
2025-10-12T19:41:00.000000Z,#014792,Deduct,whole milk,4,(oz),T2E7PW6kigCZBK5wCs0gO49rSTdZY
2025-10-12T19:41:00.000000Z,#014792,Deduct,chocolate syrup,3,pump,T2E7PW6kigCZBK5wCs0gO49rSTdZY
2025-10-12T19:47:00.000000Z,#014793,Deduct,espresso,36,(g),vcS8P6mTAaGwC3KgvxOzp57HsJCZY
2025-10-12T19:47:00.000000Z,#014793,Deduct,16oz cup,1,cup,vcS8P6mTAaGwC3KgvxOzp57HsJCZY
2025-10-12T19:47:00.000000Z,#014793,Deduct,chocolate syrup,3,pump,vcS8P6mTAaGwC3KgvxOzp57HsJCZY
2025-10-12T19:50:00.000000Z,#014794,Deduct,espresso,45,(g),R1eCMM6MUWaTquS8dMB1YMgcS26YY
2025-10-12T19:50:00.000000Z,#014794,Deduct,4oz cup,1,cup,R1eCMM6MUWaTquS8dMB1YMgcS26YY
2025-10-12T19:50:00.000000Z,#014794,Deduct,whole milk,10,(oz),R1eCMM6MUWaTquS8dMB1YMgcS26YY
2025-10-12T19:50:00.000000Z,#014794,Deduct,16oz cup,1,cup,R1eCMM6MUWaTquS8dMB1YMgcS26YY
2025-10-12T19:50:00.000000Z,#014794,Deduct,chocolate syrup,4,pump,R1eCMM6MUWaTquS8dMB1YMgcS26YY
2025-10-12T19:50:00.000000Z,#014795,Deduct,espresso,38,(g),dbSkoywSqSOubjya5tvQsWS31RSZY
2025-10-12T19:50:00.000000Z,#014795,Deduct,6oz cup,1,cup,dbSkoywSqSOubjya5tvQsWS31RSZY
2025-10-12T19:50:00.000000Z,#014795,Deduct,hazelnut syrup,3,pump,dbSkoywSqSOubjya5tvQsWS31RSZY
2025-10-12T19:50:00.000000Z,#014795,Deduct,12oz cup,1,cup,dbSkoywSqSOubjya5tvQsWS31RSZY
2025-10-12T19:50:00.000000Z,#014795,Deduct,vanilla syrup,3,pump,dbSkoywSqSOubjya5tvQsWS31RSZY
